Entry_ID,Date,Period,Account_Number,Account_Name,Description,Debit,Credit,Source,Invoice_Ref
JE700001,2026-06-15,2026-06,5000,Operating Expense,Invoice INV-1000,63619.28,,AP,INV-1000
JE700002,2026-06-15,2026-06,2000,Accounts Payable,Invoice INV-1000,,63619.28,AP,INV-1000
JE700003,2026-06-15,2026-06,2000,Accounts Payable,Payment INV-1000,63619.28,,Payment,INV-1000
JE700004,2026-06-15,2026-06,1000,Cash,Payment INV-1000,,63619.28,Payment,INV-1000
JE700005,2026-06-15,2026-06,5000,Operating Expense,Invoice INV-1001,21003.32,,AP,INV-1001
JE700006,2026-06-15,2026-06,2000,Accounts Payable,Invoice INV-1001,,21003.32,AP,INV-1001
JE700007,2026-06-15,2026-06,5000,Operating Expense,Invoice INV-1002,6636.07,,AP,INV-1002
JE700008,2026-06-15,2026-06,2000,Accounts Payable,Invoice INV-1002,,6636.07,AP,INV-1002
JE700009,2026-06-15,2026-06,2000,Accounts Payable,Payment INV-1002,6636.07,,Payment,INV-1002
JE700010,2026-06-15,2026-06,1000,Cash,Payment INV-1002,,6636.07,Payment,INV-1002
JE700011,2026-06-15,2026-06,5000,Operating Expense,Invoice INV-1003,77129.39,,AP,INV-1003
JE700012,2026-06-15,2026-06,2000,Accounts Payable,Invoice INV-1003,,77129.39,AP,INV-1003
JE700013,2026-06-15,2026-06,5000,Operating Expense,Invoice INV-1004,2845.4,,AP,INV-1004
JE700014,2026-06-15,2026-06,2000,Accounts Payable,Invoice INV-1004,,2845.4,AP,INV-1004
JE700015,2026-06-15,2026-06,2000,Accounts Payable,Payment INV-1004,2845.4,,Payment,INV-1004
JE700016,2026-06-15,2026-06,1000,Cash,Payment INV-1004,,2845.4,Payment,INV-1004
JE700017,2026-06-15,2026-06,5000,Operating Expense,Invoice INV-1005,23372.47,,AP,INV-1005
JE700018,2026-06-15,2026-06,2000,Accounts Payable,Invoice INV-1005,,23372.47,AP,INV-1005
JE700019,2026-06-15,2026-06,2000,Accounts Payable,Payment INV-1005,23372.47,,Payment,INV-1005
JE700020,2026-06-15,2026-06,1000,Cash,Payment INV-1005,,23372.47,Payment,INV-1005
JE700021,2026-06-15,2026-06,5000,Operating Expense,Invoice INV-1006,19875.68,,AP,INV-1006
JE700022,2026-06-15,2026-06,2000,Accounts Payable,Invoice INV-1006,,19875.68,AP,INV-1006
JE700023,2026-06-15,2026-06,5000,Operating Expense,Invoice INV-1007,1617.0,,AP,INV-1007
JE700024,2026-06-15,2026-06,2000,Accounts Payable,Invoice INV-1007,,1617.0,AP,INV-1007
JE700025,2026-06-15,2026-06,2000,Accounts Payable,Payment INV-1007,1617.0,,Payment,INV-1007
JE700026,2026-06-15,2026-06,1000,Cash,Payment INV-1007,,1617.0,Payment,INV-1007
JE700027,2026-06-15,2026-06,5000,Operating Expense,Invoice INV-1008,54374.65,,AP,INV-1008
JE700028,2026-06-15,2026-06,2000,Accounts Payable,Invoice INV-1008,,54374.65,AP,INV-1008
JE700029,2026-06-15,2026-06,5000,Operating Expense,Invoice INV-1009,24385.46,,AP,INV-1009
JE700030,2026-06-15,2026-06,2000,Accounts Payable,Invoice INV-1009,,24385.46,AP,INV-1009
JE700031,2026-06-15,2026-06,2000,Accounts Payable,Payment INV-1009,24385.46,,Payment,INV-1009
JE700032,2026-06-15,2026-06,1000,Cash,Payment INV-1009,,24385.46,Payment,INV-1009
JE700033,2026-06-15,2026-06,5000,Operating Expense,Invoice INV-1010,6721.74,,AP,INV-1010
JE700034,2026-06-15,2026-06,2000,Accounts Payable,Invoice INV-1010,,6721.74,AP,INV-1010
JE700035,2026-06-15,2026-06,2000,Accounts Payable,Payment INV-1010,6721.74,,Payment,INV-1010
JE700036,2026-06-15,2026-06,1000,Cash,Payment INV-1010,,6721.74,Payment,INV-1010
JE700037,2026-06-15,2026-06,5000,Operating Expense,Invoice INV-1011,1848.6,,AP,INV-1011
JE700038,2026-06-15,2026-06,2000,Accounts Payable,Invoice INV-1011,,1848.6,AP,INV-1011
JE700039,2026-06-15,2026-06,5000,Operating Expense,Invoice INV-1012,24247.5,,AP,INV-1012
JE700040,2026-06-15,2026-06,2000,Accounts Payable,Invoice INV-1012,,24247.5,AP,INV-1012
JE700041,2026-06-15,2026-06,2000,Accounts Payable,Payment INV-1012,24247.5,,Payment,INV-1012
JE700042,2026-06-15,2026-06,1000,Cash,Payment INV-1012,,24247.5,Payment,INV-1012
JE700043,2026-06-15,2026-06,5000,Operating Expense,Invoice INV-1013,25167.63,,AP,INV-1013
JE700044,2026-06-15,2026-06,2000,Accounts Payable,Invoice INV-1013,,25167.63,AP,INV-1013
JE700045,2026-06-15,2026-06,2000,Accounts Payable,Payment INV-1013,25167.63,,Payment,INV-1013
JE700046,2026-06-15,2026-06,1000,Cash,Payment INV-1013,,25167.63,Payment,INV-1013
JE700047,2026-06-15,2026-06,5000,Operating Expense,Invoice INV-1014,41576.96,,AP,INV-1014
JE700048,2026-06-15,2026-06,2000,Accounts Payable,Invoice INV-1014,,41576.96,AP,INV-1014
JE700049,2026-06-15,2026-06,2000,Accounts Payable,Payment INV-1014,41576.96,,Payment,INV-1014
JE700050,2026-06-15,2026-06,1000,Cash,Payment INV-1014,,41576.96,Payment,INV-1014
JE700051,2026-06-15,2026-06,5000,Operating Expense,Invoice INV-1015,275.45,,AP,INV-1015
JE700052,2026-06-15,2026-06,2000,Accounts Payable,Invoice INV-1015,,275.45,AP,INV-1015
JE700053,2026-06-15,2026-06,2000,Accounts Payable,Payment INV-1015,275.45,,Payment,INV-1015
JE700054,2026-06-15,2026-06,1000,Cash,Payment INV-1015,,275.45,Payment,INV-1015
JE700055,2026-06-15,2026-06,5000,Operating Expense,Invoice INV-1016,30861.46,,AP,INV-1016
JE700056,2026-06-15,2026-06,2000,Accounts Payable,Invoice INV-1016,,30861.46,AP,INV-1016
JE700057,2026-06-15,2026-06,2000,Accounts Payable,Payment INV-1016,30861.46,,Payment,INV-1016
JE700058,2026-06-15,2026-06,1000,Cash,Payment INV-1016,,30861.46,Payment,INV-1016
JE700059,2026-06-15,2026-06,5000,Operating Expense,Invoice INV-1017,6918.32,,AP,INV-1017
JE700060,2026-06-15,2026-06,2000,Accounts Payable,Invoice INV-1017,,6918.32,AP,INV-1017
JE700061,2026-06-15,2026-06,2000,Accounts Payable,Payment INV-1017,6918.32,,Payment,INV-1017
JE700062,2026-06-15,2026-06,1000,Cash,Payment INV-1017,,6918.32,Payment,INV-1017
JE700063,2026-06-15,2026-06,5000,Operating Expense,Invoice INV-1018,1132.5,,AP,INV-1018
JE700064,2026-06-15,2026-06,2000,Accounts Payable,Invoice INV-1018,,1132.5,AP,INV-1018
JE700065,2026-06-15,2026-06,5000,Operating Expense,Invoice INV-1019,7421.4,,AP,INV-1019
JE700066,2026-06-15,2026-06,2000,Accounts Payable,Invoice INV-1019,,7421.4,AP,INV-1019
JE700067,2026-06-15,2026-06,2000,Accounts Payable,Payment INV-1019,7421.4,,Payment,INV-1019
JE700068,2026-06-15,2026-06,1000,Cash,Payment INV-1019,,7421.4,Payment,INV-1019
JE700069,2026-06-15,2026-06,5000,Operating Expense,Invoice INV-1020,27561.59,,AP,INV-1020
JE700070,2026-06-15,2026-06,2000,Accounts Payable,Invoice INV-1020,,27561.59,AP,INV-1020
JE700071,2026-06-15,2026-06,2000,Accounts Payable,Payment INV-1020,27561.59,,Payment,INV-1020
JE700072,2026-06-15,2026-06,1000,Cash,Payment INV-1020,,27561.59,Payment,INV-1020
JE700073,2026-06-15,2026-06,5000,Operating Expense,Invoice INV-1021,3143.84,,AP,INV-1021
JE700074,2026-06-15,2026-06,2000,Accounts Payable,Invoice INV-1021,,3143.84,AP,INV-1021
JE700075,2026-06-15,2026-06,2000,Accounts Payable,Payment INV-1021,3143.84,,Payment,INV-1021
JE700076,2026-06-15,2026-06,1000,Cash,Payment INV-1021,,3143.84,Payment,INV-1021
JE700077,2026-06-15,2026-06,5000,Operating Expense,Invoice INV-1022,31485.0,,AP,INV-1022
JE700078,2026-06-15,2026-06,2000,Accounts Payable,Invoice INV-1022,,31485.0,AP,INV-1022
JE700079,2026-06-15,2026-06,5000,Operating Expense,Invoice INV-1023,11629.52,,AP,INV-1023
JE700080,2026-06-15,2026-06,2000,Accounts Payable,Invoice INV-1023,,11629.52,AP,INV-1023
JE700081,2026-06-15,2026-06,2000,Accounts Payable,Payment INV-1023,11629.52,,Payment,INV-1023
JE700082,2026-06-15,2026-06,1000,Cash,Payment INV-1023,,11629.52,Payment,INV-1023
JE700083,2026-06-15,2026-06,5000,Operating Expense,Invoice INV-1024,38230.92,,AP,INV-1024
JE700084,2026-06-15,2026-06,2000,Accounts Payable,Invoice INV-1024,,38230.92,AP,INV-1024
JE700085,2026-06-15,2026-06,2000,Accounts Payable,Payment INV-1024,38230.92,,Payment,INV-1024
JE700086,2026-06-15,2026-06,1000,Cash,Payment INV-1024,,38230.92,Payment,INV-1024
JE700087,2026-06-15,2026-06,5000,Operating Expense,Invoice INV-1025,16754.4,,AP,INV-1025
JE700088,2026-06-15,2026-06,2000,Accounts Payable,Invoice INV-1025,,16754.4,AP,INV-1025
JE700089,2026-06-15,2026-06,2000,Accounts Payable,Payment INV-1025,16754.4,,Payment,INV-1025
JE700090,2026-06-15,2026-06,1000,Cash,Payment INV-1025,,16754.4,Payment,INV-1025
JE700091,2026-06-15,2026-06,5000,Operating Expense,Invoice INV-1026,39133.44,,AP,INV-1026
JE700092,2026-06-15,2026-06,2000,Accounts Payable,Invoice INV-1026,,39133.44,AP,INV-1026
JE700093,2026-06-15,2026-06,2000,Accounts Payable,Payment INV-1026,39133.44,,Payment,INV-1026
JE700094,2026-06-15,2026-06,1000,Cash,Payment INV-1026,,39133.44,Payment,INV-1026
JE700095,2026-06-15,2026-06,5000,Operating Expense,Invoice INV-1027,3654.7,,AP,INV-1027
JE700096,2026-06-15,2026-06,2000,Accounts Payable,Invoice INV-1027,,3654.7,AP,INV-1027
JE700097,2026-06-15,2026-06,2000,Accounts Payable,Payment INV-1027,3654.7,,Payment,INV-1027
JE700098,2026-06-15,2026-06,1000,Cash,Payment INV-1027,,3654.7,Payment,INV-1027
JE700099,2026-06-15,2026-06,5000,Operating Expense,Invoice INV-1028,15134.0,,AP,INV-1028
JE700100,2026-06-15,2026-06,2000,Accounts Payable,Invoice INV-1028,,15134.0,AP,INV-1028
JE700101,2026-06-15,2026-06,2000,Accounts Payable,Payment INV-1028,15134.0,,Payment,INV-1028
JE700102,2026-06-15,2026-06,1000,Cash,Payment INV-1028,,15134.0,Payment,INV-1028
JE700103,2026-06-15,2026-06,5000,Operating Expense,Invoice INV-1029,92386.98,,AP,INV-1029
JE700104,2026-06-15,2026-06,2000,Accounts Payable,Invoice INV-1029,,92386.98,AP,INV-1029
JE700105,2026-06-15,2026-06,2000,Accounts Payable,Payment INV-1029,92386.98,,Payment,INV-1029
JE700106,2026-06-15,2026-06,1000,Cash,Payment INV-1029,,92386.98,Payment,INV-1029
JE700107,2026-06-15,2026-06,5000,Operating Expense,Invoice INV-1030,8670.08,,AP,INV-1030
JE700108,2026-06-15,2026-06,2000,Accounts Payable,Invoice INV-1030,,8670.08,AP,INV-1030
JE700109,2026-06-15,2026-06,5000,Operating Expense,Invoice INV-1031,15446.8,,AP,INV-1031
JE700110,2026-06-15,2026-06,2000,Accounts Payable,Invoice INV-1031,,15446.8,AP,INV-1031
JE700111,2026-06-15,2026-06,2000,Accounts Payable,Payment INV-1031,15446.8,,Payment,INV-1031
JE700112,2026-06-15,2026-06,1000,Cash,Payment INV-1031,,15446.8,Payment,INV-1031
JE700113,2026-06-15,2026-06,5000,Operating Expense,Invoice INV-1032,14683.9,,AP,INV-1032
JE700114,2026-06-15,2026-06,2000,Accounts Payable,Invoice INV-1032,,14683.9,AP,INV-1032
JE700115,2026-06-15,2026-06,5000,Operating Expense,Invoice INV-1033,7548.54,,AP,INV-1033
JE700116,2026-06-15,2026-06,2000,Accounts Payable,Invoice INV-1033,,7548.54,AP,INV-1033
JE700117,2026-06-15,2026-06,5000,Operating Expense,Invoice INV-1034,4241.64,,AP,INV-1034
JE700118,2026-06-15,2026-06,2000,Accounts Payable,Invoice INV-1034,,4241.64,AP,INV-1034
JE700119,2026-06-15,2026-06,2000,Accounts Payable,Payment INV-1034,4241.64,,Payment,INV-1034
JE700120,2026-06-15,2026-06,1000,Cash,Payment INV-1034,,4241.64,Payment,INV-1034
JE700121,2026-06-15,2026-06,5000,Operating Expense,Invoice INV-1035,29951.52,,AP,INV-1035
JE700122,2026-06-15,2026-06,2000,Accounts Payable,Invoice INV-1035,,29951.52,AP,INV-1035
JE700123,2026-06-15,2026-06,2000,Accounts Payable,Payment INV-1035,29951.52,,Payment,INV-1035
JE700124,2026-06-15,2026-06,1000,Cash,Payment INV-1035,,29951.52,Payment,INV-1035
JE700125,2026-06-15,2026-06,5000,Operating Expense,Invoice INV-1036,5498.88,,AP,INV-1036
JE700126,2026-06-15,2026-06,2000,Accounts Payable,Invoice INV-1036,,5498.88,AP,INV-1036
JE700127,2026-06-15,2026-06,2000,Accounts Payable,Payment INV-1036,5498.88,,Payment,INV-1036
JE700128,2026-06-15,2026-06,1000,Cash,Payment INV-1036,,5498.88,Payment,INV-1036
JE700129,2026-06-15,2026-06,5000,Operating Expense,Invoice INV-1037,5568.24,,AP,INV-1037
JE700130,2026-06-15,2026-06,2000,Accounts Payable,Invoice INV-1037,,5568.24,AP,INV-1037
JE700131,2026-06-15,2026-06,5000,Operating Expense,Invoice INV-1038,16780.8,,AP,INV-1038
JE700132,2026-06-15,2026-06,2000,Accounts Payable,Invoice INV-1038,,16780.8,AP,INV-1038
JE700133,2026-06-15,2026-06,5000,Operating Expense,Invoice INV-1039,5197.2,,AP,INV-1039
JE700134,2026-06-15,2026-06,2000,Accounts Payable,Invoice INV-1039,,5197.2,AP,INV-1039
JE700135,2026-06-15,2026-06,2000,Accounts Payable,Payment INV-1039,5197.2,,Payment,INV-1039
JE700136,2026-06-15,2026-06,1000,Cash,Payment INV-1039,,5197.2,Payment,INV-1039
JE700137,2026-06-15,2026-06,5000,Operating Expense,Invoice INV-1040,30142.02,,AP,INV-1040
JE700138,2026-06-15,2026-06,2000,Accounts Payable,Invoice INV-1040,,30142.02,AP,INV-1040
JE700139,2026-06-15,2026-06,2000,Accounts Payable,Payment INV-1040,30142.02,,Payment,INV-1040
JE700140,2026-06-15,2026-06,1000,Cash,Payment INV-1040,,30142.02,Payment,INV-1040
JE700141,2026-06-15,2026-06,5000,Operating Expense,Invoice INV-1041,11193.84,,AP,INV-1041
JE700142,2026-06-15,2026-06,2000,Accounts Payable,Invoice INV-1041,,11193.84,AP,INV-1041
JE700143,2026-06-15,2026-06,5000,Operating Expense,Invoice INV-1042,48649.12,,AP,INV-1042
JE700144,2026-06-15,2026-06,2000,Accounts Payable,Invoice INV-1042,,48649.12,AP,INV-1042
JE700145,2026-06-15,2026-06,2000,Accounts Payable,Payment INV-1042,48649.12,,Payment,INV-1042
JE700146,2026-06-15,2026-06,1000,Cash,Payment INV-1042,,48649.12,Payment,INV-1042
JE700147,2026-06-15,2026-06,5000,Operating Expense,Invoice INV-1043,7300.15,,AP,INV-1043
JE700148,2026-06-15,2026-06,2000,Accounts Payable,Invoice INV-1043,,7300.15,AP,INV-1043
JE700149,2026-06-15,2026-06,2000,Accounts Payable,Payment INV-1043,7300.15,,Payment,INV-1043
JE700150,2026-06-15,2026-06,1000,Cash,Payment INV-1043,,7300.15,Payment,INV-1043
JE700151,2026-06-15,2026-06,5000,Operating Expense,Invoice INV-1044,2677.76,,AP,INV-1044
JE700152,2026-06-15,2026-06,2000,Accounts Payable,Invoice INV-1044,,2677.76,AP,INV-1044
JE700153,2026-06-15,2026-06,2000,Accounts Payable,Payment INV-1044,2677.76,,Payment,INV-1044
JE700154,2026-06-15,2026-06,1000,Cash,Payment INV-1044,,2677.76,Payment,INV-1044
JE700155,2026-06-15,2026-06,5000,Operating Expense,Invoice INV-1045,31447.5,,AP,INV-1045
JE700156,2026-06-15,2026-06,2000,Accounts Payable,Invoice INV-1045,,31447.5,AP,INV-1045
JE700157,2026-06-15,2026-06,2000,Accounts Payable,Payment INV-1045,31447.5,,Payment,INV-1045
JE700158,2026-06-15,2026-06,1000,Cash,Payment INV-1045,,31447.5,Payment,INV-1045
JE700159,2026-06-15,2026-06,5000,Operating Expense,Invoice INV-1046,12756.07,,AP,INV-1046
JE700160,2026-06-15,2026-06,2000,Accounts Payable,Invoice INV-1046,,12756.07,AP,INV-1046
JE700161,2026-06-15,2026-06,5000,Operating Expense,Invoice INV-1047,58997.4,,AP,INV-1047
JE700162,2026-06-15,2026-06,2000,Accounts Payable,Invoice INV-1047,,58997.4,AP,INV-1047
JE700163,2026-06-15,2026-06,2000,Accounts Payable,Payment INV-1047,58997.4,,Payment,INV-1047
JE700164,2026-06-15,2026-06,1000,Cash,Payment INV-1047,,58997.4,Payment,INV-1047
JE700165,2026-06-15,2026-06,5000,Operating Expense,Invoice INV-1048,17640.7,,AP,INV-1048
JE700166,2026-06-15,2026-06,2000,Accounts Payable,Invoice INV-1048,,17640.7,AP,INV-1048
JE700167,2026-06-15,2026-06,5000,Operating Expense,Invoice INV-1049,18038.92,,AP,INV-1049
JE700168,2026-06-15,2026-06,2000,Accounts Payable,Invoice INV-1049,,18038.92,AP,INV-1049
JE700169,2026-06-15,2026-06,2000,Accounts Payable,Payment INV-1049,18038.92,,Payment,INV-1049
JE700170,2026-06-15,2026-06,1000,Cash,Payment INV-1049,,18038.92,Payment,INV-1049
JE700171,2026-06-15,2026-06,5000,Operating Expense,Invoice INV-1050,24006.84,,AP,INV-1050
JE700172,2026-06-15,2026-06,2000,Accounts Payable,Invoice INV-1050,,24006.84,AP,INV-1050
JE700173,2026-06-15,2026-06,5000,Operating Expense,Invoice INV-1051,3133.92,,AP,INV-1051
JE700174,2026-06-15,2026-06,2000,Accounts Payable,Invoice INV-1051,,3133.92,AP,INV-1051
JE700175,2026-06-15,2026-06,2000,Accounts Payable,Payment INV-1051,3133.92,,Payment,INV-1051
JE700176,2026-06-15,2026-06,1000,Cash,Payment INV-1051,,3133.92,Payment,INV-1051
JE700177,2026-06-15,2026-06,5000,Operating Expense,Invoice INV-1052,21719.5,,AP,INV-1052
JE700178,2026-06-15,2026-06,2000,Accounts Payable,Invoice INV-1052,,21719.5,AP,INV-1052
JE700179,2026-06-15,2026-06,2000,Accounts Payable,Payment INV-1052,21719.5,,Payment,INV-1052
JE700180,2026-06-15,2026-06,1000,Cash,Payment INV-1052,,21719.5,Payment,INV-1052
JE700181,2026-06-15,2026-06,5000,Operating Expense,Invoice INV-1053,79179.96,,AP,INV-1053
JE700182,2026-06-15,2026-06,2000,Accounts Payable,Invoice INV-1053,,79179.96,AP,INV-1053
JE700183,2026-06-15,2026-06,2000,Accounts Payable,Payment INV-1053,79179.96,,Payment,INV-1053
JE700184,2026-06-15,2026-06,1000,Cash,Payment INV-1053,,79179.96,Payment,INV-1053
JE700185,2026-06-15,2026-06,5000,Operating Expense,Invoice INV-1054,1901.64,,AP,INV-1054
JE700186,2026-06-15,2026-06,2000,Accounts Payable,Invoice INV-1054,,1901.64,AP,INV-1054
JE700187,2026-06-15,2026-06,2000,Accounts Payable,Payment INV-1054,1901.64,,Payment,INV-1054
JE700188,2026-06-15,2026-06,1000,Cash,Payment INV-1054,,1901.64,Payment,INV-1054
JE700189,2026-06-15,2026-06,5000,Operating Expense,Invoice INV-1055,27719.07,,AP,INV-1055
JE700190,2026-06-15,2026-06,2000,Accounts Payable,Invoice INV-1055,,27719.07,AP,INV-1055
JE700191,2026-06-15,2026-06,2000,Accounts Payable,Payment INV-1055,27719.07,,Payment,INV-1055
JE700192,2026-06-15,2026-06,1000,Cash,Payment INV-1055,,27719.07,Payment,INV-1055
JE700193,2026-06-15,2026-06,5000,Operating Expense,Invoice INV-1056,25149.96,,AP,INV-1056
JE700194,2026-06-15,2026-06,2000,Accounts Payable,Invoice INV-1056,,25149.96,AP,INV-1056
JE700195,2026-06-15,2026-06,5000,Operating Expense,Invoice INV-1057,25468.95,,AP,INV-1057
JE700196,2026-06-15,2026-06,2000,Accounts Payable,Invoice INV-1057,,25468.95,AP,INV-1057
JE700197,2026-06-15,2026-06,5000,Operating Expense,Invoice INV-1058,7546.98,,AP,INV-1058
JE700198,2026-06-15,2026-06,2000,Accounts Payable,Invoice INV-1058,,7546.98,AP,INV-1058
JE700199,2026-06-15,2026-06,5000,Operating Expense,Invoice INV-1059,8289.6,,AP,INV-1059
JE700200,2026-06-15,2026-06,2000,Accounts Payable,Invoice INV-1059,,8289.6,AP,INV-1059
JE700201,2026-06-15,2026-06,5000,Operating Expense,Invoice INV-1060,17998.5,,AP,INV-1060
JE700202,2026-06-15,2026-06,2000,Accounts Payable,Invoice INV-1060,,17998.5,AP,INV-1060
JE700203,2026-06-15,2026-06,5000,Operating Expense,Invoice INV-1061,6048.0,,AP,INV-1061
JE700204,2026-06-15,2026-06,2000,Accounts Payable,Invoice INV-1061,,6048.0,AP,INV-1061
JE700205,2026-06-15,2026-06,5000,Operating Expense,Invoice INV-1062,44718.45,,AP,INV-1062
JE700206,2026-06-15,2026-06,2000,Accounts Payable,Invoice INV-1062,,44718.45,AP,INV-1062
JE700207,2026-06-15,2026-06,2000,Accounts Payable,Payment INV-1062,44718.45,,Payment,INV-1062
JE700208,2026-06-15,2026-06,1000,Cash,Payment INV-1062,,44718.45,Payment,INV-1062
JE700209,2026-06-15,2026-06,5000,Operating Expense,Invoice INV-1063,8768.5,,AP,INV-1063
JE700210,2026-06-15,2026-06,2000,Accounts Payable,Invoice INV-1063,,8768.5,AP,INV-1063
JE700211,2026-06-15,2026-06,5000,Operating Expense,Invoice INV-1064,28230.51,,AP,INV-1064
JE700212,2026-06-15,2026-06,2000,Accounts Payable,Invoice INV-1064,,28230.51,AP,INV-1064
JE700213,2026-06-15,2026-06,5000,Operating Expense,Invoice INV-1065,20906.31,,AP,INV-1065
JE700214,2026-06-15,2026-06,2000,Accounts Payable,Invoice INV-1065,,20906.31,AP,INV-1065
JE700215,2026-06-15,2026-06,2000,Accounts Payable,Payment INV-1065,20906.31,,Payment,INV-1065
JE700216,2026-06-15,2026-06,1000,Cash,Payment INV-1065,,20906.31,Payment,INV-1065
JE700217,2026-06-15,2026-06,5000,Operating Expense,Invoice INV-1066,7594.48,,AP,INV-1066
JE700218,2026-06-15,2026-06,2000,Accounts Payable,Invoice INV-1066,,7594.48,AP,INV-1066
JE700219,2026-06-15,2026-06,5000,Operating Expense,Invoice INV-1067,69382.62,,AP,INV-1067
JE700220,2026-06-15,2026-06,2000,Accounts Payable,Invoice INV-1067,,69382.62,AP,INV-1067
JE700221,2026-06-15,2026-06,2000,Accounts Payable,Payment INV-1067,69382.62,,Payment,INV-1067
JE700222,2026-06-15,2026-06,1000,Cash,Payment INV-1067,,69382.62,Payment,INV-1067
JE700223,2026-06-15,2026-06,5000,Operating Expense,Invoice INV-1068,24187.14,,AP,INV-1068
JE700224,2026-06-15,2026-06,2000,Accounts Payable,Invoice INV-1068,,24187.14,AP,INV-1068
JE700225,2026-06-15,2026-06,2000,Accounts Payable,Payment INV-1068,24187.14,,Payment,INV-1068
JE700226,2026-06-15,2026-06,1000,Cash,Payment INV-1068,,24187.14,Payment,INV-1068
JE700227,2026-06-15,2026-06,5000,Operating Expense,Invoice INV-1069,18663.75,,AP,INV-1069
JE700228,2026-06-15,2026-06,2000,Accounts Payable,Invoice INV-1069,,18663.75,AP,INV-1069
JE700229,2026-06-15,2026-06,2000,Accounts Payable,Payment INV-1069,18663.75,,Payment,INV-1069
JE700230,2026-06-15,2026-06,1000,Cash,Payment INV-1069,,18663.75,Payment,INV-1069
JE700231,2026-06-15,2026-06,5000,Operating Expense,Invoice INV-1070,45820.02,,AP,INV-1070
JE700232,2026-06-15,2026-06,2000,Accounts Payable,Invoice INV-1070,,45820.02,AP,INV-1070
JE700233,2026-06-15,2026-06,5000,Operating Expense,Invoice INV-1071,10356.25,,AP,INV-1071
JE700234,2026-06-15,2026-06,2000,Accounts Payable,Invoice INV-1071,,10356.25,AP,INV-1071
JE700235,2026-06-15,2026-06,5000,Operating Expense,Invoice INV-1072,38473.39,,AP,INV-1072
JE700236,2026-06-15,2026-06,2000,Accounts Payable,Invoice INV-1072,,38473.39,AP,INV-1072
JE700237,2026-06-15,2026-06,5000,Operating Expense,Invoice INV-1073,39448.2,,AP,INV-1073
JE700238,2026-06-15,2026-06,2000,Accounts Payable,Invoice INV-1073,,39448.2,AP,INV-1073
JE700239,2026-06-15,2026-06,5000,Operating Expense,Invoice INV-1074,28470.96,,AP,INV-1074
JE700240,2026-06-15,2026-06,2000,Accounts Payable,Invoice INV-1074,,28470.96,AP,INV-1074
JE700241,2026-06-15,2026-06,2000,Accounts Payable,Payment INV-1074,28470.96,,Payment,INV-1074
JE700242,2026-06-15,2026-06,1000,Cash,Payment INV-1074,,28470.96,Payment,INV-1074
JE700243,2026-06-15,2026-06,5000,Operating Expense,Invoice INV-1075,38429.28,,AP,INV-1075
JE700244,2026-06-15,2026-06,2000,Accounts Payable,Invoice INV-1075,,38429.28,AP,INV-1075
JE700245,2026-06-15,2026-06,2000,Accounts Payable,Payment INV-1075,38429.28,,Payment,INV-1075
JE700246,2026-06-15,2026-06,1000,Cash,Payment INV-1075,,38429.28,Payment,INV-1075
JE700247,2026-06-15,2026-06,5000,Operating Expense,Invoice INV-1076,9372.0,,AP,INV-1076
JE700248,2026-06-15,2026-06,2000,Accounts Payable,Invoice INV-1076,,9372.0,AP,INV-1076
JE700249,2026-06-15,2026-06,5000,Operating Expense,Invoice INV-1077,68871.42,,AP,INV-1077
JE700250,2026-06-15,2026-06,2000,Accounts Payable,Invoice INV-1077,,68871.42,AP,INV-1077
JE700251,2026-06-15,2026-06,5000,Operating Expense,Invoice INV-1078,7238.4,,AP,INV-1078
JE700252,2026-06-15,2026-06,2000,Accounts Payable,Invoice INV-1078,,7238.4,AP,INV-1078
JE700253,2026-06-15,2026-06,2000,Accounts Payable,Payment INV-1078,7238.4,,Payment,INV-1078
JE700254,2026-06-15,2026-06,1000,Cash,Payment INV-1078,,7238.4,Payment,INV-1078
JE700255,2026-06-15,2026-06,5000,Operating Expense,Invoice INV-1079,50729.8,,AP,INV-1079
JE700256,2026-06-15,2026-06,2000,Accounts Payable,Invoice INV-1079,,50729.8,AP,INV-1079
JE700257,2026-06-15,2026-06,2000,Accounts Payable,Payment INV-1079,50729.8,,Payment,INV-1079
JE700258,2026-06-15,2026-06,1000,Cash,Payment INV-1079,,50729.8,Payment,INV-1079
JE700259,2026-06-15,2026-06,5000,Operating Expense,Invoice INV-1080,9459.51,,AP,INV-1080
JE700260,2026-06-15,2026-06,2000,Accounts Payable,Invoice INV-1080,,9459.51,AP,INV-1080
JE700261,2026-06-15,2026-06,5000,Operating Expense,Invoice INV-1081,22996.16,,AP,INV-1081
JE700262,2026-06-15,2026-06,2000,Accounts Payable,Invoice INV-1081,,22996.16,AP,INV-1081
JE700263,2026-06-15,2026-06,2000,Accounts Payable,Payment INV-1081,22996.16,,Payment,INV-1081
JE700264,2026-06-15,2026-06,1000,Cash,Payment INV-1081,,22996.16,Payment,INV-1081
JE700265,2026-06-15,2026-06,5000,Operating Expense,Invoice INV-1082,5214.24,,AP,INV-1082
JE700266,2026-06-15,2026-06,2000,Accounts Payable,Invoice INV-1082,,5214.24,AP,INV-1082
JE700267,2026-06-15,2026-06,2000,Accounts Payable,Payment INV-1082,5214.24,,Payment,INV-1082
JE700268,2026-06-15,2026-06,1000,Cash,Payment INV-1082,,5214.24,Payment,INV-1082
JE700269,2026-06-15,2026-06,5000,Operating Expense,Invoice INV-1083,995.4,,AP,INV-1083
JE700270,2026-06-15,2026-06,2000,Accounts Payable,Invoice INV-1083,,995.4,AP,INV-1083
JE700271,2026-06-15,2026-06,2000,Accounts Payable,Payment INV-1083,995.4,,Payment,INV-1083
JE700272,2026-06-15,2026-06,1000,Cash,Payment INV-1083,,995.4,Payment,INV-1083
JE700273,2026-06-15,2026-06,5000,Operating Expense,Invoice INV-1084,21017.23,,AP,INV-1084
JE700274,2026-06-15,2026-06,2000,Accounts Payable,Invoice INV-1084,,21017.23,AP,INV-1084
JE700275,2026-06-15,2026-06,2000,Accounts Payable,Payment INV-1084,21017.23,,Payment,INV-1084
JE700276,2026-06-15,2026-06,1000,Cash,Payment INV-1084,,21017.23,Payment,INV-1084
JE700277,2026-06-15,2026-06,5000,Operating Expense,Invoice INV-1085,42596.55,,AP,INV-1085
JE700278,2026-06-15,2026-06,2000,Accounts Payable,Invoice INV-1085,,42596.55,AP,INV-1085
JE700279,2026-06-15,2026-06,5000,Operating Expense,Invoice INV-1086,1941.1,,AP,INV-1086
JE700280,2026-06-15,2026-06,2000,Accounts Payable,Invoice INV-1086,,1941.1,AP,INV-1086
JE700281,2026-06-15,2026-06,5000,Operating Expense,Invoice INV-1087,15632.78,,AP,INV-1087
JE700282,2026-06-15,2026-06,2000,Accounts Payable,Invoice INV-1087,,15632.78,AP,INV-1087
JE700283,2026-06-15,2026-06,5000,Operating Expense,Invoice INV-1088,44292.82,,AP,INV-1088
JE700284,2026-06-15,2026-06,2000,Accounts Payable,Invoice INV-1088,,44292.82,AP,INV-1088
JE700285,2026-06-15,2026-06,2000,Accounts Payable,Payment INV-1088,44292.82,,Payment,INV-1088
JE700286,2026-06-15,2026-06,1000,Cash,Payment INV-1088,,44292.82,Payment,INV-1088
JE700287,2026-06-15,2026-06,5000,Operating Expense,Invoice INV-1089,8403.78,,AP,INV-1089
JE700288,2026-06-15,2026-06,2000,Accounts Payable,Invoice INV-1089,,8403.78,AP,INV-1089
JE700289,2026-06-15,2026-06,5000,Operating Expense,Invoice INV-1090,23482.2,,AP,INV-1090
JE700290,2026-06-15,2026-06,2000,Accounts Payable,Invoice INV-1090,,23482.2,AP,INV-1090
JE700291,2026-06-15,2026-06,5000,Operating Expense,Invoice INV-1091,4946.7,,AP,INV-1091
JE700292,2026-06-15,2026-06,2000,Accounts Payable,Invoice INV-1091,,4946.7,AP,INV-1091
JE700293,2026-06-15,2026-06,2000,Accounts Payable,Payment INV-1091,4946.7,,Payment,INV-1091
JE700294,2026-06-15,2026-06,1000,Cash,Payment INV-1091,,4946.7,Payment,INV-1091
JE700295,2026-06-15,2026-06,5000,Operating Expense,Invoice INV-1092,48460.16,,AP,INV-1092
JE700296,2026-06-15,2026-06,2000,Accounts Payable,Invoice INV-1092,,48460.16,AP,INV-1092
JE700297,2026-06-15,2026-06,5000,Operating Expense,Invoice INV-1093,11612.16,,AP,INV-1093
JE700298,2026-06-15,2026-06,2000,Accounts Payable,Invoice INV-1093,,11612.16,AP,INV-1093
JE700299,2026-06-15,2026-06,2000,Accounts Payable,Payment INV-1093,11612.16,,Payment,INV-1093
JE700300,2026-06-15,2026-06,1000,Cash,Payment INV-1093,,11612.16,Payment,INV-1093
JE700301,2026-06-15,2026-06,5000,Operating Expense,Invoice INV-1094,6455.35,,AP,INV-1094
JE700302,2026-06-15,2026-06,2000,Accounts Payable,Invoice INV-1094,,6455.35,AP,INV-1094
JE700303,2026-06-15,2026-06,5000,Operating Expense,Invoice INV-1095,66408.23,,AP,INV-1095
JE700304,2026-06-15,2026-06,2000,Accounts Payable,Invoice INV-1095,,66408.23,AP,INV-1095
JE700305,2026-06-15,2026-06,5000,Operating Expense,Invoice INV-1096,701.12,,AP,INV-1096
JE700306,2026-06-15,2026-06,2000,Accounts Payable,Invoice INV-1096,,701.12,AP,INV-1096
JE700307,2026-06-15,2026-06,5000,Operating Expense,Invoice INV-1097,4321.38,,AP,INV-1097
JE700308,2026-06-15,2026-06,2000,Accounts Payable,Invoice INV-1097,,4321.38,AP,INV-1097
JE700309,2026-06-15,2026-06,2000,Accounts Payable,Payment INV-1097,4321.38,,Payment,INV-1097
JE700310,2026-06-15,2026-06,1000,Cash,Payment INV-1097,,4321.38,Payment,INV-1097
JE700311,2026-06-15,2026-06,5000,Operating Expense,Invoice INV-1098,35741.86,,AP,INV-1098
JE700312,2026-06-15,2026-06,2000,Accounts Payable,Invoice INV-1098,,35741.86,AP,INV-1098
JE700313,2026-06-15,2026-06,5000,Operating Expense,Invoice INV-1099,42317.39,,AP,INV-1099
JE700314,2026-06-15,2026-06,2000,Accounts Payable,Invoice INV-1099,,42317.39,AP,INV-1099
JE700315,2026-06-15,2026-06,2000,Accounts Payable,Payment INV-1099,42317.39,,Payment,INV-1099
JE700316,2026-06-15,2026-06,1000,Cash,Payment INV-1099,,42317.39,Payment,INV-1099
JE700317,2026-06-15,2026-06,5000,Operating Expense,Invoice INV-1100,29923.86,,AP,INV-1100
JE700318,2026-06-15,2026-06,2000,Accounts Payable,Invoice INV-1100,,29923.86,AP,INV-1100
JE700319,2026-06-15,2026-06,2000,Accounts Payable,Payment INV-1100,29923.86,,Payment,INV-1100
JE700320,2026-06-15,2026-06,1000,Cash,Payment INV-1100,,29923.86,Payment,INV-1100
JE700321,2026-06-15,2026-06,5000,Operating Expense,Invoice INV-1101,2565.28,,AP,INV-1101
JE700322,2026-06-15,2026-06,2000,Accounts Payable,Invoice INV-1101,,2565.28,AP,INV-1101
JE700323,2026-06-15,2026-06,5000,Operating Expense,Invoice INV-1102,25335.96,,AP,INV-1102
JE700324,2026-06-15,2026-06,2000,Accounts Payable,Invoice INV-1102,,25335.96,AP,INV-1102
JE700325,2026-06-15,2026-06,2000,Accounts Payable,Payment INV-1102,25335.96,,Payment,INV-1102
JE700326,2026-06-15,2026-06,1000,Cash,Payment INV-1102,,25335.96,Payment,INV-1102
JE700327,2026-06-15,2026-06,5000,Operating Expense,Invoice INV-1103,14451.51,,AP,INV-1103
JE700328,2026-06-15,2026-06,2000,Accounts Payable,Invoice INV-1103,,14451.51,AP,INV-1103
JE700329,2026-06-15,2026-06,5000,Operating Expense,Invoice INV-1104,10473.84,,AP,INV-1104
JE700330,2026-06-15,2026-06,2000,Accounts Payable,Invoice INV-1104,,10473.84,AP,INV-1104
JE700331,2026-06-15,2026-06,5000,Operating Expense,Invoice INV-1105,39725.64,,AP,INV-1105
JE700332,2026-06-15,2026-06,2000,Accounts Payable,Invoice INV-1105,,39725.64,AP,INV-1105
JE700333,2026-06-15,2026-06,5000,Operating Expense,Invoice INV-1106,34697.04,,AP,INV-1106
JE700334,2026-06-15,2026-06,2000,Accounts Payable,Invoice INV-1106,,34697.04,AP,INV-1106
JE700335,2026-06-15,2026-06,5000,Operating Expense,Invoice INV-1107,17523.09,,AP,INV-1107
JE700336,2026-06-15,2026-06,2000,Accounts Payable,Invoice INV-1107,,17523.09,AP,INV-1107
JE700337,2026-06-15,2026-06,5000,Operating Expense,Invoice INV-1108,19792.0,,AP,INV-1108
JE700338,2026-06-15,2026-06,2000,Accounts Payable,Invoice INV-1108,,19792.0,AP,INV-1108
JE700339,2026-06-15,2026-06,5000,Operating Expense,Invoice INV-1109,14520.36,,AP,INV-1109
JE700340,2026-06-15,2026-06,2000,Accounts Payable,Invoice INV-1109,,14520.36,AP,INV-1109
JE700341,2026-06-15,2026-06,2000,Accounts Payable,Payment INV-1109,14520.36,,Payment,INV-1109
JE700342,2026-06-15,2026-06,1000,Cash,Payment INV-1109,,14520.36,Payment,INV-1109
JE700343,2026-06-15,2026-06,5000,Operating Expense,Invoice INV-1110,75991.44,,AP,INV-1110
JE700344,2026-06-15,2026-06,2000,Accounts Payable,Invoice INV-1110,,75991.44,AP,INV-1110
JE700345,2026-06-15,2026-06,2000,Accounts Payable,Payment INV-1110,75991.44,,Payment,INV-1110
JE700346,2026-06-15,2026-06,1000,Cash,Payment INV-1110,,75991.44,Payment,INV-1110
JE700347,2026-06-15,2026-06,5000,Operating Expense,Invoice INV-1111,10543.26,,AP,INV-1111
JE700348,2026-06-15,2026-06,2000,Accounts Payable,Invoice INV-1111,,10543.26,AP,INV-1111
JE700349,2026-06-15,2026-06,5000,Operating Expense,Invoice INV-1112,27268.8,,AP,INV-1112
JE700350,2026-06-15,2026-06,2000,Accounts Payable,Invoice INV-1112,,27268.8,AP,INV-1112
JE700351,2026-06-15,2026-06,5000,Operating Expense,Invoice INV-1113,40746.0,,AP,INV-1113
JE700352,2026-06-15,2026-06,2000,Accounts Payable,Invoice INV-1113,,40746.0,AP,INV-1113
JE700353,2026-06-15,2026-06,2000,Accounts Payable,Payment INV-1113,40746.0,,Payment,INV-1113
JE700354,2026-06-15,2026-06,1000,Cash,Payment INV-1113,,40746.0,Payment,INV-1113
JE700355,2026-06-15,2026-06,5000,Operating Expense,Invoice INV-1114,24473.1,,AP,INV-1114
JE700356,2026-06-15,2026-06,2000,Accounts Payable,Invoice INV-1114,,24473.1,AP,INV-1114
JE700357,2026-06-15,2026-06,2000,Accounts Payable,Payment INV-1114,24473.1,,Payment,INV-1114
JE700358,2026-06-15,2026-06,1000,Cash,Payment INV-1114,,24473.1,Payment,INV-1114
JE700359,2026-06-15,2026-06,5000,Operating Expense,Invoice INV-1115,21048.23,,AP,INV-1115
JE700360,2026-06-15,2026-06,2000,Accounts Payable,Invoice INV-1115,,21048.23,AP,INV-1115
JE700361,2026-06-15,2026-06,2000,Accounts Payable,Payment INV-1115,21048.23,,Payment,INV-1115
JE700362,2026-06-15,2026-06,1000,Cash,Payment INV-1115,,21048.23,Payment,INV-1115
JE700363,2026-06-15,2026-06,5000,Operating Expense,Invoice INV-1116,10011.21,,AP,INV-1116
JE700364,2026-06-15,2026-06,2000,Accounts Payable,Invoice INV-1116,,10011.21,AP,INV-1116
JE700365,2026-06-15,2026-06,5000,Operating Expense,Invoice INV-1117,39786.78,,AP,INV-1117
JE700366,2026-06-15,2026-06,2000,Accounts Payable,Invoice INV-1117,,39786.78,AP,INV-1117
JE700367,2026-06-15,2026-06,5000,Operating Expense,Invoice INV-1118,43904.55,,AP,INV-1118
JE700368,2026-06-15,2026-06,2000,Accounts Payable,Invoice INV-1118,,43904.55,AP,INV-1118
JE700369,2026-06-15,2026-06,2000,Accounts Payable,Payment INV-1118,43904.55,,Payment,INV-1118
JE700370,2026-06-15,2026-06,1000,Cash,Payment INV-1118,,43904.55,Payment,INV-1118
JE700371,2026-06-15,2026-06,5000,Operating Expense,Invoice INV-1119,24839.48,,AP,INV-1119
JE700372,2026-06-15,2026-06,2000,Accounts Payable,Invoice INV-1119,,24839.48,AP,INV-1119
JE700373,2026-06-15,2026-06,5000,Operating Expense,Invoice INV-2001,4321.0,,AP,INV-2001
JE700374,2026-06-15,2026-06,2000,Accounts Payable,Invoice INV-2001,,4321.0,AP,INV-2001
JE700375,2026-06-15,2026-06,5000,Operating Expense,Invoice INV-2001-R,4321.0,,AP,INV-2001-R
JE700376,2026-06-15,2026-06,2000,Accounts Payable,Invoice INV-2001-R,,4321.0,AP,INV-2001-R
JE700377,2026-06-15,2026-06,5000,Operating Expense,Invoice INV-3001,1300,,AP,INV-3001
JE700378,2026-06-15,2026-06,2000,Accounts Payable,Invoice INV-3001,,1300,AP,INV-3001
JE700379,2026-06-15,2026-06,5000,Operating Expense,Invoice INV-5001,1000,,AP,INV-5001
JE700380,2026-06-15,2026-06,2000,Accounts Payable,Invoice INV-5001,,1000,AP,INV-5001
JE700381,2026-06-15,2026-06,1000,Cash,Opening cash,5000000,,Opening,OPEN
JE700382,2026-06-15,2026-06,3000,Equity,Opening equity,,5000000,Opening,OPEN
